gpu/time,cpu/time
0.013659286079928279,0.1137426900677383
0.0032711350359022617,0.07470456091687083
0.002861953107640147,0.04436461511068046
0.0028670080937445164,0.04460704419761896
0.002847308060154319,0.04451923491433263
0.002835999010130763,0.045358621049672365
0.0028317440301179886,0.04442391591146588
0.0028053319547325373,0.04442994482815266
0.002805256051942706,0.044415398966521025
0.002804368967190385,0.04449276300147176
0.0028140651993453503,0.04430296993814409
0.002813986036926508,0.04446099093183875
0.0028292909264564514,0.04442480392754078
0.0028162780217826366,0.044433699920773506
0.0028232501354068518,0.04443513788282871
0.0028387599159032106,0.04457403998821974
0.002809728030115366,0.04441811912693083
0.002822533017024398,0.04456484201364219
0.0028194221667945385,0.04450322315096855
0.002814873121678829,0.044271318009123206
0.0031657160725444555,0.04426810401491821
0.0028506009839475155,0.04450673214159906
0.002850048942491412,0.04443646804429591
0.0028672670014202595,0.044863039162009954
0.0028479287866503,0.044386707013472915
0.0028249251190572977,0.04417149000801146
0.0028146998956799507,0.044339847983792424
0.0028598238714039326,0.044496984919533134
0.0028642399702221155,0.044373054057359695
0.002827892079949379,0.04417775711044669
0.0028230720199644566,0.04444173397496343
0.0028457341250032187,0.04444015305489302
0.002825910924002528,0.04453085479326546
0.0028091860003769398,0.04429945396259427
0.0028274687938392162,0.04440439702011645
0.0028110670391470194,0.04427497601136565
0.002813539933413267,0.04430169193074107
0.0028216170612722635,0.04429237684234977
0.0028156309854239225,0.044338444946333766
0.002823145128786564,0.04414975410327315
0.0029548301827162504,0.044381276005879045
0.002886556787416339,0.04436714109033346
0.002827978925779462,0.0444136809092015
0.0028455511201173067,0.044244234915822744
0.0028553891461342573,0.044387346832081676
0.0028099389746785164,0.04429341503418982
0.0028099981136620045,0.044353678822517395
0.0028253120835870504,0.04413176001980901
0.0028166519477963448,0.044353845063596964
0.0028106120880693197,0.04547122400254011
0.0028159860521554947,0.0442027491517365
0.0028331938665360212,0.04410392581485212
0.0028215269558131695,0.04442424979060888
0.0028159499634057283,0.04428427410311997
0.0028153748717159033,0.044345156056806445
0.0028102239593863487,0.044303253991529346
0.0028112800791859627,0.04433008818887174
0.002825165167450905,0.044259885093197227
0.002808587159961462,0.04574452294036746
0.0028007118962705135,0.044220164185389876
0.002864072099328041,0.044311547884717584
0.0028106910176575184,0.044063696870580316
0.0028177639469504356,0.04426718293689191
0.00285349297337234,0.04435467883013189
0.002815142972394824,0.044278747867792845
0.002805958967655897,0.04420250211842358
0.002810282167047262,0.044335752027109265
0.0028175748884677887,0.044150219997391105
0.0028169669676572084,0.044276141095906496
0.0028271889314055443,0.04415020300075412
0.0028407659847289324,0.04436228913255036
0.002809093100950122,0.044069295981898904
0.002807044889777899,0.04433001414872706
0.0028071238193660975,0.0440444559790194
0.0028104111552238464,0.04418863193131983
0.0028157602064311504,0.04411507700569928
0.0028038080781698227,0.04552315198816359
0.0028375519905239344,0.044060050044208765
0.002808684017509222,0.04433646611869335
0.002818234032019973,0.044277939945459366
0.00281739910133183,0.04425555095076561
0.0028122449293732643,0.044135197065770626
0.002868162002414465,0.04433810687623918
0.002809039084240794,0.04414608282968402
0.0028387359343469143,0.044237681897357106
0.002807321958243847,0.045270690927281976
0.002822912996634841,0.04440663615241647
0.0028041170444339514,0.044383917935192585
0.0028175259940326214,0.04431480006314814
0.002835754072293639,0.044240792049095035
0.0028080979827791452,0.044261690927669406
0.0028275540098547935,0.04410665109753609
0.002893117954954505,0.04445518204011023
0.002898109843954444,0.04422400100156665
0.0028119150083512068,0.04437181795947254
0.0028050770051777363,0.04416738706640899
0.0028075978625565767,0.04420948005281389
0.002809989033266902,0.04413432697765529
0.002830173820257187,0.04417746188119054
0.0028128388803452253,0.04404212208464742
0.0028082560747861862,0.04422727017663419
0.002799444133415818,0.04407089599408209
0.0028043948113918304,0.04429551400244236
0.0028047410305589437,0.045123253017663956
0.0028131769504398108,0.04416613397188485
0.0028102011419832706,0.0440637799911201
0.002804232994094491,0.04430850106291473
0.002809341996908188,0.044254092033952475
0.0028043449856340885,0.04426402389071882
0.002808287972584367,0.044209618121385574
0.002806507982313633,0.04417226114310324
0.002807301003485918,0.044308927142992616
0.002802324015647173,0.04531617113389075
0.002809986937791109,0.04405899904668331
0.002808790886774659,0.044262732146307826
0.0028220019303262234,0.04420171398669481
0.0028111168649047613,0.044231286039575934
0.002810009988024831,0.04416581802070141
0.002837379928678274,0.04438873496837914
0.002806690987199545,0.04434599680826068
0.0028044909704476595,0.04427360510453582
0.002823702059686184,0.04417844000272453
0.002800541929900646,0.04433030798099935
0.002794628031551838,0.04415373015217483
0.002798485103994608,0.04415869410149753
0.002807802055031061,0.044910664903
0.0028073079884052277,0.04443784314207733
0.0028161879163235426,0.0442526841070503
0.002790156053379178,0.04446045495569706
0.002800854155793786,0.04406560491770506
0.002803055103868246,0.04487118893302977
0.002830986864864826,0.04408362484537065
0.002804976888000965,0.04436315316706896
0.002823628019541502,0.044160351855680346
0.002804450923576951,0.04423538502305746
0.0027963428292423487,0.04421072197146714
0.0028035719878971577,0.04427767312154174
0.002798811998218298,0.04422066314145923
0.0028106600511819124,0.04426009301096201
0.0028253321070224047,0.04541855305433273
0.002837838837876916,0.04428423405624926
0.0028689620085060596,0.044135938165709376
0.002803059993311763,0.04428990092128515
0.002811674028635025,0.0442057850304991
0.002807130105793476,0.044243173906579614
0.002823848044499755,0.04430912504903972
0.0028142028022557497,0.044328555930405855
0.002820369089022279,0.04437896888703108
0.0028304769657552242,0.04419267806224525
0.0028113999869674444,0.04417035193182528
0.002809760859236121,0.04424279509112239
0.002834597835317254,0.04413636005483568
0.002801314927637577,0.044167638989165425
0.002816764870658517,0.04414935200475156
0.002814762992784381,0.044604970840737224
0.0028065680526196957,0.044201031094416976
0.0028038660530000925,0.04422689997591078
0.002823459915816784,0.04526956891641021
0.002805714961141348,0.04428178700618446
0.0028041990008205175,0.04419049806892872
0.002805753145366907,0.04427545587532222
0.002803223207592964,0.044233121210709214
0.0028068670071661472,0.044241918018087745
0.002806692151352763,0.0442275470122695
0.002806172939017415,0.04422745620831847
0.002805357100442052,0.044171802001073956
0.0028033279813826084,0.04549032915383577
0.0028016380965709686,0.04419773002155125
0.002801444148644805,0.04418540000915527
0.0028107978869229555,0.044346665032207966
0.002807323820888996,0.0444091921672225
0.002799520967528224,0.04453783389180899
0.002795723034068942,0.04452902893535793
0.0027924960013478994,0.04447213001549244
0.002798852976411581,0.0445208849851042
0.0028097599279135466,0.044625184033066034
0.0028337701223790646,0.04452849505469203
0.0028683911077678204,0.044434405164793134
0.0028380448929965496,0.04453628486953676
0.002829717006534338,0.04441004106774926
0.0028127001132816076,0.044468285981565714
0.002800768008455634,0.04439916415140033
0.0028055422008037567,0.044625092996284366
0.0028116810135543346,0.04442456387914717
0.0028065131045877934,0.046075325924903154
0.0028115909080952406,0.044393718941137195
0.0028187730349600315,0.04450118518434465
0.0028045119252055883,0.04449123912490904
0.002801888156682253,0.044654123950749636
0.002833074890077114,0.044607459800317883
0.00280403601936996,0.044453405076637864
0.002812145045027137,0.0444119400344789
0.0028159799985587597,0.044491290813311934
0.0027996229473501444,0.04601963120512664
0.0028083149809390306,0.044503201032057405
0.0028210130985826254,0.04454698693007231
0.002808153862133622,0.044559648958966136
0.002812917809933424,0.044480904936790466
0.0028186780400574207,0.044503195909783244
0.002807416021823883,0.044416614109650254
0.0028011391405016184,0.044617329025641084
0.002799566835165024,0.044470427790656686
0.0028003158513456583,0.0445953740272671
0.0027941069565713406,0.044360785046592355
0.002815824933350086,0.044498702976852655
0.0027950031217187643,0.04444787395186722
0.0028036930598318577,0.04463900695554912
0.0028310269117355347,0.044276576954871416
0.002813457977026701,0.04444202687591314
0.002801608992740512,0.04458709084428847
0.0028251230251044035,0.044425607891753316
0.002806567819789052,0.045950448140501976
0.0028002529870718718,0.0444891678635031
0.002806923119351268,0.04451900883577764
0.002807107986882329,0.04449124098755419
0.002805435797199607,0.04435912985354662
0.002815210958942771,0.04455899982713163
0.0028034457936882973,0.044627072056755424
0.0028090120758861303,0.04452374600805342
0.0027997379656881094,0.04439256922341883
0.002800585003569722,0.0461844380479306
0.0028011698741465807,0.04438028600998223
0.002815699903294444,0.044549273792654276
0.002803437877446413,0.04446754604578018
0.002798766829073429,0.04445997695438564
0.002797642955556512,0.04447965300641954
0.0028059259057044983,0.04451767494902015
0.0028072551358491182,0.044438173063099384
0.002817353932186961,0.0444446699693799
0.002809243043884635,0.04439532710239291
0.0028020560275763273,0.04436259111389518
0.0027954760007560253,0.044485158985480666
0.0027935649268329144,0.04447334399446845
0.0028047228697687387,0.04437281796708703
0.002827199874445796,0.04445077106356621
0.002809520112350583,0.04444617289118469
0.002810673089697957,0.04443966597318649
0.002827166114002466,0.04453443898819387
0.002797829918563366,0.04597402107901871
0.0027968729846179485,0.044516200898215175
0.0028273588977754116,0.044490795116871595
0.0027999039739370346,0.04455256508663297
0.0027984101325273514,0.04450867301784456
0.0027953251264989376,0.04451884492300451
0.0027966529596596956,0.04445656109601259
0.002803744049742818,0.044655320001766086
0.0028113089501857758,0.04445944889448583
0.0027920498978346586,0.04541980382055044
0.00280707492493093,0.04445882188156247
0.002786139026284218,0.04441668395884335
0.0027965379413217306,0.044455007184296846
0.002796477871015668,0.04439943912439048
0.0028121659997850657,0.04448892408981919
0.0027992399409413338,0.04441218497231603
0.002795244101434946,0.04440977098420262
0.0028028120286762714,0.04450751794502139
0.0027904389426112175,0.04460324812680483
0.0028232960030436516,0.0444561131298542
0.0028188591822981834,0.04443981102667749
0.0028073559515178204,0.0444667290430516
0.0028035910800099373,0.04439760511741042
0.002800100017338991,0.04443000699393451
0.0028014960698783398,0.04454924794845283
0.0027949530631303787,0.044460742035880685
0.0028020229656249285,0.044398240046575665
0.0027986918576061726,0.0462080801371485
0.002799726091325283,0.04446765221655369
0.002792061073705554,0.04462420498020947
0.0027949160430580378,0.044465291080996394
0.0027903388254344463,0.04449710715562105
0.002803260926157236,0.044494822854176164
0.0027993828989565372,0.04450123501010239
0.002805480035021901,0.0443811509758234
0.002805946860462427,0.04439228121191263
0.002808735938742757,0.04547496698796749
0.0028128831181675196,0.044435273157432675
0.0029351250268518925,0.04459318588487804
0.00282661197707057,0.04437267407774925
0.002806292148306966,0.04438082920387387
0.0027980010490864515,0.04447732702828944
0.0027959360741078854,0.044327622978016734
0.0028153101447969675,0.044541541021317244
0.0027957879938185215,0.04443620704114437
0.0027999801095575094,0.044422955019399524
0.0028033440466970205,0.04453233606182039
0.002796428045257926,0.044585505966097116
0.0028061929624527693,0.04437823919579387
0.002825777977705002,0.04436462698504329
0.0027968098875135183,0.04451572289690375
0.002803047886118293,0.04441818199120462
0.0028060260228812695,0.044541537994518876
0.0028214938938617706,0.044443862978369
0.002805001102387905,0.04570944211445749
0.002819612855091691,0.044434827053919435
0.002797646913677454,0.04442107095383108
0.0027951751835644245,0.044430315028876066
0.0028763380832970142,0.04441006784327328
0.002977621043100953,0.04445533291436732
0.0029577810782939196,0.044509257189929485
0.0029306940268725157,0.04435462597757578
0.0028968718834221363,0.0444518921431154
0.002879668027162552,0.04592471197247505
0.0029222259763628244,0.044550732942298055
0.0029600809793919325,0.04447835683822632
0.0029098561499267817,0.044645742047578096
0.0029118629172444344,0.044341152999550104
0.0028870929963886738,0.044517755042761564
0.0028835050761699677,0.04446013900451362
0.002879129024222493,0.044524951139464974
0.0028811460360884666,0.04443106101825833
0.0028916620649397373,0.04448024998418987
0.002910566981881857,0.04436885379254818
0.0028811681549996138,0.04448884213343263
0.0028866699431091547,0.04460102296434343
0.002896481892094016,0.04446524893864989
0.002881642896682024,0.04450631211511791
0.0028819560538977385,0.04448378412052989
0.0028951228596270084,0.04449945408850908
0.0028884499333798885,0.044557261979207397
0.0028840939048677683,0.045316450065001845
0.0028890599496662617,0.044355961959809065
0.002886153059080243,0.04453541408292949
0.0028814179822802544,0.044494949048385024
0.00288190389983356,0.04459749208763242
0.0028874590061604977,0.044432742055505514
0.0028790179640054703,0.04445392987690866
0.002941783983260393,0.044504001969471574
0.0028742561116814613,0.04585716314613819
0.0028522599022835493,0.04442055709660053
0.0028049841057509184,0.044257438974455
0.0028036541771143675,0.0446056870277971
0.002875504083931446,0.044448369881138206
0.0028187131974846125,0.044553644955158234
0.002804781077429652,0.04447583411820233
0.0028135781176388264,0.04452643496915698
0.002799798035994172,0.04437594418413937
0.0027883239090442657,0.04456658801063895
0.0028014539275318384,0.04439292405731976
0.002802588976919651,0.044576001120731235
0.0028038518503308296,0.04444335890002549
0.002818834036588669,0.04445887100882828
0.0028091110289096832,0.04420072794891894
0.0028027889784425497,0.04421051312237978
0.0027934471145272255,0.04435951402410865
0.0028004469349980354,0.044298695866018534
0.002808460034430027,0.04531088098883629
0.0028224231209605932,0.04420932708308101
0.002802278148010373,0.04413391510024667
0.002804444869980216,0.04413235909305513
0.002801697002723813,0.0439533949829638
0.002809501951560378,0.04421434015966952
0.002808846067637205,0.044328982941806316
0.002883025910705328,0.04431089689023793
0.0028098030015826225,0.04418517998419702
0.002809627912938595,0.04548228299245238
0.0028315200470387936,0.04435092490166426
0.0028031140100210905,0.04440715699456632
0.0028045079670846462,0.04413378518074751
0.002815611194819212,0.04417891800403595
0.0028014210984110832,0.04429571400396526
0.0028022299520671368,0.04418690502643585
0.002802297007292509,0.046792742097750306
0.002799161011353135,0.044236429035663605
0.0028025798965245485,0.044273710111156106
0.0028205150738358498,0.04427002090960741
0.0028285759035497904,0.044049455085769296
0.0028075820300728083,0.044190868036821485
0.0027984650805592537,0.044077212922275066
0.0028007919900119305,0.04422616912052035
0.002791936043649912,0.04420979996211827
0.0028440230526030064,0.044168227119371295
0.002799851121380925,0.04414347605779767
0.0028276180382817984,0.04592125490307808
0.002789414022117853,0.044309657998383045
0.0027954699471592903,0.04428822617046535
0.002792468061670661,0.04410641104914248
0.0028072851710021496,0.04425791907124221
0.002796925138682127,0.044209010899066925
0.0028075799345970154,0.044209968065842986
0.0028284848667681217,0.04426427581347525
0.0028015088755637407,0.04424583679065108
0.0027991479728370905,0.0450561020988971
0.002804056042805314,0.044304827926680446
0.002802453003823757,0.04417892196215689
0.0027998380828648806,0.044307539938017726
0.0027991249226033688,0.044169042026624084
0.002794859930872917,0.04431449598632753
0.002787891775369644,0.0440524669829756
0.0028021479956805706,0.044285622192546725
0.0028027209918946028,0.044374617049470544
0.0028022511396557093,0.04433975485153496
0.0027942489832639694,0.044126177905127406
0.0027974029071629047,0.04430178483016789
0.002806043019518256,0.04401641013100743
0.002914941171184182,0.04415017296560109
0.00285719009116292,0.04425531392917037
0.00280339689925313,0.044331266079097986
0.0028015789575874805,0.04428306291811168
0.0027979949954897165,0.044235893059521914
0.002810636069625616,0.04539677617140114
0.002797457855194807,0.04423955106176436
0.0028001749888062477,0.04415827803313732
0.0027979600708931684,0.04423243389464915
0.0028068600222468376,0.04427223396487534
0.002809078898280859,0.04423754708841443
0.0028166398406028748,0.04443163494579494
0.002806037897244096,0.04427085886709392
0.002800415037199855,0.044173359870910645
0.002804956864565611,0.04499707696959376
0.002801181050017476,0.04426188999786973
0.0028100789058953524,0.04438409907743335
0.002812292892485857,0.044267859077081084
0.002797539811581373,0.04428289597854018
0.002801966154947877,0.04431579704396427
0.0028299959376454353,0.044148979941383004
0.0028917910531163216,0.04419389506801963
0.0028046320658177137,0.04431735607795417
0.002797954948619008,0.04437338118441403
0.002856878098100424,0.04451409913599491
0.002799428068101406,0.04423139803111553
0.002803834853693843,0.04433107189834118
0.002806376898661256,0.04426183714531362
0.0028015109710395336,0.04437900218181312
0.002799911191686988,0.044210301944985986
0.0028220240492373705,0.04425720404833555
0.0028040690813213587,0.04406828200444579
0.0028095501475036144,0.04596890788525343
0.00283170398324728,0.04409165005199611
0.002804625080898404,0.044155203038826585
0.0028948630206286907,0.04408497107215226
0.0028046281076967716,0.044170018984004855
0.0028012171387672424,0.044166065054014325
0.0027933099772781134,0.04418269591405988
0.0027930152136832476,0.04405510285869241
0.0028054891154170036,0.04423569678328931
0.0028449317906051874,0.04584929393604398
0.0028055799193680286,0.04416606202721596
0.00280748400837183,0.04423202620819211
0.002796764951199293,0.04407062311656773
0.002805862110108137,0.04419871885329485
0.0028077808674424887,0.04431368294171989
0.0028361689765006304,0.04415877512656152
0.0028410761151462793,0.04419966693967581
0.00283600902184844,0.04397392203100026
0.0028729818295687437,0.04412307497113943
0.002836446976289153,0.04416103195399046
0.002817249158397317,0.04419632791541517
0.0028499618638306856,0.0440763549413532
0.0028339261189103127,0.044206119142472744
0.0028369890060275793,0.0440944810397923
0.0028363228775560856,0.044137483928352594
0.0028434228152036667,0.04409914091229439
0.002794691827148199,0.04418728104792535
0.002815084997564554,0.04494895483367145
0.002806551055982709,0.04412591108120978
0.0028041761834174395,0.0440621729940176
0.0028024849016219378,0.04411368304863572
0.002794582163915038,0.04410730814561248
0.002792560961097479,0.04421798209659755
0.0028115841560065746,0.0442777369171381
0.0028098379261791706,0.044231124920770526
0.002804571995511651,0.044122508028522134
0.0028036620933562517,0.045494371093809605
0.0028051200788468122,0.04420483601279557
0.0027954219840466976,0.04414876387454569
0.002812220947816968,0.044134752126410604
0.0028080351185053587,0.0441995479632169
0.002800833201035857,0.044112770818173885
0.002804805990308523,0.04428547387942672
0.0028012089896947145,0.04404973401688039
0.0028017021249979734,0.04413698590360582
0.002817202126607299,0.044094185112044215
0.0028051799163222313,0.0442073259036988
0.002806953154504299,0.04421487683430314
0.002809586003422737,0.044187196996062994
0.0028085620142519474,0.04420566908083856
0.002803934970870614,0.044232694897800684
0.002810412086546421,0.04427110590040684
0.0028071808628737926,0.044156873831525445
0.002802514936774969,0.04405678599141538
0.0028058639727532864,0.04560430999845266
0.002808935008943081,0.04409171803854406
0.002803416922688484,0.044174171052873135
0.002814840991050005,0.04402721603401005
0.0028014418203383684,0.04406620399095118
0.0028319968841969967,0.04405977111309767
0.0028064860962331295,0.04405999486334622
0.002805382013320923,0.043965230928733945
0.0028139587957412004,0.04414141783490777
0.0028145688120275736,0.045269232941791415
0.0028097499161958694,0.04425954516045749
0.0028399250004440546,0.044211608124896884
0.0028024078346788883,0.04418423608876765
0.002807231852784753,0.04427333199419081
0.002824550960212946,0.04419245501048863
0.002804795978590846,0.04416613397188485
0.002801666036248207,0.04427644796669483
0.0028301370330154896,0.04423751588910818
0.002807012991979718,0.044313264079391956
0.002799790818244219,0.04419108107686043
0.002820592140778899,0.04435189184732735
0.002806610893458128,0.04405784490518272
0.002802697941660881,0.04419648600742221
0.002829391974955797,0.044163980055600405
0.002807778073474765,0.04433049610815942
0.0028106539975851774,0.04424334689974785
0.0028228291776031256,0.04415054991841316
0.0028078248724341393,0.04583127796649933
0.0027951740194112062,0.044113890966400504
0.0028037610463798046,0.04413377121090889
0.0028109189588576555,0.04418994206935167
0.002797875087708235,0.044248719001188874
0.0028526089154183865,0.04418748803436756
0.002807097975164652,0.044132850132882595
0.002803924959152937,0.045318708987906575
0.0027986629866063595,0.04414787609130144
0.0028086041565984488,0.04823424993082881
0.002805418102070689,0.044290612917393446
0.0028146179392933846,0.04438209207728505
0.0028059198521077633,0.0444146019872278
0.002821725094690919,0.04422941408120096
0.002812635852023959,0.0442355100531131
0.002817362081259489,0.0443274590652436
0.0028214070480316877,0.04430699395015836
0.0028337619733065367,0.044427100801840425
0.002824439899995923,0.04429881600663066
0.002827876014634967,0.04438912309706211
0.002820319030433893,0.0442865879740566
0.0028160091023892164,0.04430551687255502
0.0028165399562567472,0.044269975973293185
0.0028430360835045576,0.04438537312671542
0.0028277840465307236,0.04434144706465304
0.0028178079519420862,0.04431922687217593
0.002842180198058486,0.04414340597577393
0.0028152388986200094,0.045891216956079006
0.0028158200439065695,0.04433820582926273
0.0028353810776025057,0.044323445996269584
0.002817146945744753,0.044301520800217986
0.002816221909597516,0.044504754012450576
0.0028221760876476765,0.044151267036795616
0.002809348050504923,0.04441939783282578
0.00280979392118752,0.04434049595147371
0.002833909122273326,0.04432196379639208
0.0028161308728158474,0.045180763117969036
0.002816725056618452,0.04423678992316127
0.0028136789333075285,0.04417578410357237
0.0028190340381115675,0.04428212996572256
0.002809362020343542,0.0441443647723645
0.0028313370421528816,0.04431980289518833
0.002828691154718399,0.044283353025093675
0.002823159098625183,0.044446730986237526
0.0028213770128786564,0.04426572402007878
0.0028468358796089888,0.04447625391185284
0.0028134670574218035,0.044079998042434454
0.0028343850281089544,0.04431485407985747
0.002816569060087204,0.044196706963703036
0.002825588919222355,0.04437148408032954
0.002823837101459503,0.0442298271227628
0.00281686894595623,0.04430343606509268
0.00281967013143003,0.04420038009993732
0.0028280168771743774,0.044309313176199794
0.0028209409210830927,0.045159181114286184
0.002822483889758587,0.044351289980113506
0.002826360985636711,0.04420822509564459
0.002819421933963895,0.04435215308330953
0.002810825826600194,0.04415665799751878
0.0028183499816805124,0.044324818067252636
0.0028130640275776386,0.04433874902315438
0.0028138901107013226,0.044263817835599184
0.002821490867063403,0.044064239831641316
0.0028218920342624187,0.04514616192318499
0.0028205527924001217,0.04411398712545633
0.002819624962285161,0.044211376924067736
0.0028104959055781364,0.04430362884886563
0.0028456230647861958,0.044262113980948925
0.0028777041006833315,0.0443336172029376
0.0028223448898643255,0.044361317064613104
0.0028374381363391876,0.04430700303055346
0.0028168309945613146,0.044287665048614144
0.0028123571537435055,0.04423370212316513
0.002813979983329773,0.04429629701189697
0.002813112922012806,0.04413864994421601
0.002819702960550785,0.044380034087225795
0.0028315470553934574,0.04414008092135191
0.0028145171236246824,0.04429538594558835
0.00281309406273067,0.04425243195146322
0.002830483950674534,0.04441565298475325
0.0028206179849803448,0.04414696106687188
0.0028204319532960653,0.0449160379357636
0.002832920989021659,0.044119244907051325
0.0028337230905890465,0.04429771797731519
0.0028360551223158836,0.04427803494036198
0.0028497870080173016,0.044331873999908566
0.002822078997269273,0.044190810061991215
0.0028248950839042664,0.04422544501721859
0.002836930099874735,0.04737528110854328
0.002817681059241295,0.04488185001537204
0.0028262780979275703,0.047234085854142904
0.0028107960242778063,0.04446378699503839
0.00281924894079566,0.04438385600224137
0.0028146340046077967,0.044290691148489714
0.0028329030610620975,0.04428711789660156
0.0028212431352585554,0.044206053018569946
0.002820399822667241,0.044199107913300395
0.002819743938744068,0.0442377720028162
0.002819439861923456,0.044252404011785984
0.0028243737760931253,0.04446673113852739
0.002834020182490349,0.044031482888385653
0.0028136970940977335,0.04434066289104521
0.0028232568874955177,0.044174300972372293
0.0028265519067645073,0.04421227378770709
0.002821095986291766,0.04403385310433805
0.0028145979158580303,0.04426112095825374
0.0028322588186711073,0.044139496982097626
0.002821268979460001,0.04440585896372795
0.0028262611012905836,0.04607301903888583
0.0028258690144866705,0.044422972947359085
0.0028172959573566914,0.044224912067875266
0.0028175911866128445,0.04428711486980319
0.002834244864061475,0.044340940890833735
0.0028207427822053432,0.044151267036795616
0.002823422895744443,0.04431262915022671
0.0028557011391967535,0.0445310662034899
0.002818574896082282,0.04414020199328661
0.0028186768759042025,0.04606879991479218
0.0028326779138296843,0.044414225965738297
0.002820535097271204,0.044529646169394255
0.00281313993036747,0.04425259190611541
0.0028169280849397182,0.04432435194030404
0.0028140079230070114,0.04415432992391288
0.0028104151133447886,0.044121456099674106
0.002898154081776738,0.04422501497901976
0.002864218084141612,0.04433709196746349
0.002847532043233514,0.04434409295208752
0.0028214389458298683,0.04416247014887631
0.0028222189284861088,0.04400918213650584
0.0028273030184209347,0.04420626722276211
0.00282169203273952,0.04417922510765493
0.0028193772304803133,0.04425417701713741
0.0028175930492579937,0.04418084514327347
0.002824199153110385,0.044306076830253005
0.0028217968065291643,0.04407644807361066
0.0028383960016071796,0.04552686889655888
0.002814041916280985,0.04420094983652234
0.0028148088604211807,0.044159847078844905
0.0028191169258207083,0.044190209824591875
0.002825574018061161,0.04417822603136301
0.0028252550400793552,0.044192389119416475
0.0028392928652465343,0.04607427213340998
0.0028259458485990763,0.04423954710364342
0.0028178358916193247,0.04857134004123509
0.0028453520499169827,0.04587894584983587
0.0028250780887901783,0.0443530990742147
0.002821651054546237,0.04423567303456366
0.0028685550205409527,0.04432456591166556
0.00282593397423625,0.04961642110720277
0.0028280129190534353,0.0446794459130615
0.0028233870398253202,0.044619054067879915
0.0028194161131978035,0.044864836148917675
0.0028210219461470842,0.045363098848611116
0.0028399149887263775,0.044429930159822106
0.002852874808013439,0.045500652864575386
0.0028254890348762274,0.04485746310092509
0.0028130318969488144,0.045422950061038136
0.0028109289705753326,0.044465988874435425
0.002851732075214386,0.04490653914399445
0.0028438810259103775,0.045009874971583486
0.00281789293512702,0.04553296999074519
0.002844621893018484,0.045370426028966904
0.00280916690826416,0.045586525928229094
0.0028169259894639254,0.044980852864682674
0.002816183026880026,0.04477820289321244
0.002826869022101164,0.0449678220320493
0.0028702630661427975,0.04469467396847904
0.0028159278444945812,0.04467923007905483
0.0028435359708964825,0.045366298872977495
0.0028177641797810793,0.04525451408699155
0.002819183049723506,0.04589122789911926
0.0028320939745754004,0.04514218796975911
0.0028170840814709663,0.045339846052229404
0.0028157071210443974,0.04536504205316305
0.0028407578356564045,0.04513495112769306
0.0028124258387833834,0.04528419813141227
0.002810698002576828,0.04552138899452984
0.0028288420289754868,0.045362544944509864
0.0028242680709809065,0.04559949995018542
0.0028193038888275623,0.045606988947838545
0.0028167590498924255,0.04545301990583539
0.002819170942530036,0.04564767493866384
0.002809765050187707,0.04522995394654572
0.0028272559866309166,0.0460353079251945
0.0028180081862956285,0.045765968039631844
0.002816593972966075,0.04537921608425677
0.0028164188843220472,0.045539159094914794
0.0028181709349155426,0.045517439022660255
0.0028098360635340214,0.04943298501893878
0.0028227418661117554,0.04512882302515209
0.0028133089654147625,0.04550783708691597
0.0028234608471393585,0.04546362301334739
0.0028238960076123476,0.045380546944215894
0.0028185120318084955,0.04585253610275686
0.0028260948602110147,0.04503804398700595
0.002831570105627179,0.04504559515044093
0.0028241979889571667,0.04513843613676727
0.0028179290238767862,0.04762860294431448
0.002826326061040163,0.044887909200042486
0.002855282975360751,0.0452509680762887
0.002848633099347353,0.04534294409677386
0.002848571864888072,0.046123131876811385
0.0028535970486700535,0.04529574397020042
0.0028159539215266705,0.045611562905833125
0.002847521100193262,0.04498451901599765
0.0028569549322128296,0.04491607588715851
0.0028691331390291452,0.04848161293193698
0.002858230844140053,0.04493112186901271
0.002813712926581502,0.04503762209787965
0.0028196440543979406,0.044937649043276906
0.002820475958287716,0.04530706303194165
0.002821575850248337,0.04530389001592994
0.0028374390676617622,0.04471416096203029
0.00282153207808733,0.045294749084860086
0.0028232871554791927,0.04645542288199067
0.0028204352129250765,0.045215419959276915
0.002839467953890562,0.04534954600967467
0.0028181441593915224,0.04499799688346684
0.002832120982930064,0.044445351930335164
0.0028212210163474083,0.04529003007337451
0.0028166091069579124,0.04549643490463495
0.002813042141497135,0.04494196502491832
0.002813301980495453,0.04479235503822565
0.002818463835865259,0.0465303398668766
0.0028349452186375856,0.0451757179107517
0.002954317955300212,0.04533207812346518
0.002893120050430298,0.044839118141680956
0.0028887749649584293,0.04541523405350745
0.002875114092603326,0.04508101008832455
0.0028823649045079947,0.045248185051605105
0.002907186048105359,0.04515394987538457
0.002884840127080679,0.04520003194920719
0.0028938341420143843,0.04519178718328476
0.002885655965656042,0.04490410699509084
0.0028890289831906557,0.044801317853853106
0.002882746048271656,0.04502301779575646
0.0029040721710771322,0.045042654033750296
0.0028859470039606094,0.04495457396842539
0.002889494178816676,0.04459190787747502
0.0028976970352232456,0.04513790691271424
0.0028908359818160534,0.044789395993575454
0.0028835090342909098,0.046746659092605114
0.0029025000985711813,0.04515658295713365
0.0028965279925614595,0.044756792951375246
0.002820769092068076,0.045377159025520086
0.002822144888341427,0.045168330892920494
0.0028209940064698458,0.044807445956394076
0.002834229962900281,0.0450794359203428
0.002849640091881156,0.04531586798839271
0.0029780149925500154,0.04631854500621557
0.0028742069844156504,0.04544036812148988
0.0028401592280715704,0.04534055897966027
0.002848610980436206,0.045179083943367004
0.0028656339272856712,0.04474893514998257
0.002885680878534913,0.04532375605776906
0.0028620779048651457,0.04489962593652308
0.0028267300222069025,0.04492502496577799
0.0028167611453682184,0.04528660397045314
0.0028267339803278446,0.045512726064771414
0.0028402218595147133,0.045228598872199655
0.002815824933350086,0.04486171994358301
0.0028221961110830307,0.04475042107515037
0.0028412819374352694,0.04569399612955749
0.0028140379581600428,0.045169546036049724
0.002816444030031562,0.045261461986228824
0.0028358250856399536,0.04511669906787574
0.0028222668915987015,0.045729593839496374
0.0028316029347479343,0.04652253491804004
0.0028234869241714478,0.044867218006402254
0.002822540933266282,0.04537480301223695
0.002817625878378749,0.04516366496682167
0.002836202969774604,0.0451551319565624
0.002818610053509474,0.045081113930791616
0.0028525530360639095,0.045187084935605526
0.002822797978296876,0.04514631908386946
0.002828062977641821,0.04473912506364286
0.0028100379277020693,0.04736624890938401
0.0028343209996819496,0.04560410603880882
0.0028216149657964706,0.045471627032384276
0.002826360985636711,0.04542060801759362
0.0028466060757637024,0.04474218306131661
0.002820054069161415,0.04581160400994122
0.002822543028742075,0.04484664904884994
0.0028334239032119513,0.044558262918144464
0.0028187138959765434,0.04470327403396368
0.0028136461041867733,0.045169409830123186
0.0028129348065704107,0.04513995395973325
0.002822347916662693,0.04514852701686323
0.002824424998834729,0.0448623769916594
0.0028365289326757193,0.04575964598916471
0.002817781874909997,0.04510193411260843
0.002825054107233882,0.04494792502373457
0.002853074809536338,0.04511218098923564
0.002832437166944146,0.04517682106234133
0.002820794004946947,0.04551260615698993
0.0028417559806257486,0.04480588901787996
0.002818698063492775,0.04505304200574756
0.0028215008787810802,0.04501666687428951
0.002822335110977292,0.044665909139439464
0.002826161915436387,0.04501542611978948
0.0028143199160695076,0.04505023988895118
0.002825777977705002,0.044707234017550945
0.0028084898367524147,0.04675370501354337
0.00282037490978837,0.04492730088531971
0.002817190019413829,0.04480087012052536
0.002823952818289399,0.04540338506922126
0.0028252429328858852,0.044987409142777324
0.0028207481373101473,0.04532959614880383
0.002813013968989253,0.04517741501331329
0.0028101529460400343,0.04490231303498149
0.0028165639378130436,0.04512394778430462
0.002815948100760579,0.045345474034547806
0.0028267090674489737,0.04489797982387245
0.002820578869432211,0.04551091487519443
0.002821600064635277,0.044602575013414025
0.0028162701055407524,0.04513186612166464
0.0028279658872634172,0.045145343989133835
0.002825504168868065,0.04543040879070759
0.002839385997503996,0.04471401497721672
0.0028235209174454212,0.0446896399371326
0.0028146880213171244,0.04672990506514907
0.002828103955835104,0.045262133004143834
0.0028171008452773094,0.04478945001028478
0.002824238035827875,0.04554505692794919
0.0028296438977122307,0.044842555886134505
0.0028168971184641123,0.04458359908312559
0.002815261948853731,0.04454621393233538
0.002819275949150324,0.04503021202981472
0.0028107899706810713,0.04474233998917043
0.002809724071994424,0.04733483796007931
0.0028319719713181257,0.045009088004007936
0.002821708098053932,0.04514623200520873
0.0028230869211256504,0.044908937998116016
0.0028150039725005627,0.04496155306696892
0.0028098481707274914,0.044951827032491565
0.0028136130422353745,0.04521199013106525
0.002829819917678833,0.04502799198962748
0.002811279147863388,0.04480724688619375
0.0028135899920016527,0.045347701059654355
0.002821963978931308,0.04481639782898128
0.0028449129313230515,0.045086026191711426
0.002814528066664934,0.044940043007954955
0.0028262289706617594,0.04530031303875148
0.0028175569605082273,0.04500845889560878
0.0028191579040139914,0.045351233100518584
0.0028242350090295076,0.04522561305202544
0.002820590976625681,0.04476808081381023
0.0028140710201114416,0.047581442864611745
0.00282395095564425,0.04489414789713919
0.0028226699214428663,0.04491089889779687
0.0028206929564476013,0.04533348581753671
0.0029398370534181595,0.04515862511470914
0.0028221721295267344,0.04502921481616795
0.0028156230691820383,0.045017546974122524
0.002907414920628071,0.04547236207872629
0.0028225139249116182,0.047097511822357774
0.002828788012266159,0.04518730100244284
0.0028412300162017345,0.044753708178177476
0.002823286922648549,0.044995723059400916
0.002834734972566366,0.04486043704673648
0.0029286120552569628,0.045303452061489224
0.002820811001583934,0.04495770996436477
0.0028241199906915426,0.045164106879383326
0.0028648420702666044,0.045241083949804306
0.0028247260488569736,0.045031837187707424
0.0028258769307285547,0.045667147962376475
0.0029078249353915453,0.04496859712526202
0.0028216817881911993,0.044921510154381394
0.002821511123329401,0.04530150396749377
0.0028457690495997667,0.04485220508649945
0.002825919073075056,0.044631152879446745
0.002824367955327034,0.04540123394690454
0.0028214729391038418,0.04522363399155438
0.002824396127834916,0.04673602199181914
0.002820549998432398,0.04500854108482599
0.002846884075552225,0.04506135918200016
0.002824183087795973,0.04492566385306418
0.002821739064529538,0.045364059042185545
0.002827160060405731,0.044950177893042564
0.0028502990026026964,0.04530303389765322
0.002819174900650978,0.04492927901446819
0.0028661340475082397,0.04519897513091564
0.002815661020576954,0.04639986390247941
0.0028205160051584244,0.04495820798911154
0.002822664100676775,0.045409817015752196
0.0028140621725469828,0.04496680689044297
0.0028103969525545835,0.045181809924542904
0.0028317130636423826,0.04527090908959508
0.002822545124217868,0.04478432098403573
0.002814185107126832,0.04503861605189741
0.002823305083438754,0.0449855700135231
0.0028237870428711176,0.04513311292976141
0.002844720846042037,0.045394432032480836
0.0028294099029153585,0.04490380082279444
0.0028200470842421055,0.04515280108898878
0.002824437106028199,0.04496649303473532
0.0028202340472489595,0.04540167818777263
0.0028251761104911566,0.045290211914107203
0.0028259698301553726,0.04474901990033686
0.0028323440346866846,0.04722960386425257
0.0028141848742961884,0.04493316984735429
0.0028153529856354,0.044945792062208056
0.002815671032294631,0.045115259010344744
0.002819360001012683,0.044718654826283455
0.002846725983545184,0.04556775698438287
0.0028295060619711876,0.04517547902651131
0.0028114421293139458,0.04488824610598385
0.0028244717977941036,0.04549267585389316
0.0028176119085401297,0.04710127809084952
0.002816776977851987,0.045413715997710824
0.002847319934517145,0.045023282058537006
0.0028337419498711824,0.0451296498067677
0.002821961883455515,0.04507152386941016
0.0028130928985774517,0.045037172036245465
0.0028164361137896776,0.045081570046022534
0.002829506993293762,0.04499692493118346
0.00281422003172338,0.04486587387509644
0.0028228650335222483,0.045110708801075816
0.0028256529476493597,0.045006792061030865
0.0028135550674051046,0.04564153798855841
0.002868355019018054,0.045235536992549896
0.00285372999496758,0.04501521121710539
0.002838047221302986,0.045311965979635715
0.002820932073518634,0.04541531088761985
0.002815475920215249,0.045319586992263794
0.0028095270972698927,0.045325778890401125
0.0028173071332275867,0.047229157062247396
0.0028181150555610657,0.044965926092118025
0.0028294650837779045,0.04512103204615414
0.002812395803630352,0.04500583000481129
0.0028167960699647665,0.045212086057290435
0.0028176249470561743,0.04549749614670873
0.0028125590179115534,0.044780763098970056
0.002812239108607173,0.04492844804190099
0.0028316020034253597,0.04509941814467311
0.0028188179712742567,0.046669006114825606
0.0028204850386828184,0.045186533126980066
0.0028157441411167383,0.04536174098029733
0.0028107871767133474,0.04533675406128168
0.0028168039862066507,0.04513583588413894
0.002860983135178685,0.045235519064590335
0.0028146919794380665,0.04539099708199501
0.002813753904774785,0.045180260902270675
0.002822843147441745,0.04559370200149715
0.0028148009441792965,0.045318816090002656
0.002822471084073186,0.044869438046589494
0.0028419080190360546,0.044904223876073956
0.002816390013322234,0.04507192107848823
0.0028200331144034863,0.04474128899164498
0.0028425860218703747,0.04536845488473773
0.0028202428948134184,0.04546764609403908
0.0028150330763310194,0.04504147591069341
0.002832327038049698,0.046713546849787235
0.0028458060696721077,0.0451962489169091
0.002815749030560255,0.044970419025048614
0.0028205071575939655,0.04498685500584543
0.002846247050911188,0.04501618491485715
0.002809796016663313,0.0452637760899961
0.002834061160683632,0.04512269515544176
0.002843966009095311,0.04477649391628802
0.002825717208907008,0.04493319406174123
0.0028227968141436577,0.04596444498747587
0.0028162170201539993,0.044800351141020656
0.002815594896674156,0.045490296091884375
0.0028311030473560095,0.04483754117973149
0.002817596076056361,0.044944606022909284
0.0028152000159025192,0.045187212992459536
0.0028308911714702845,0.04537671199068427
0.0028218140359967947,0.0455525538418442
0.0028679778333753347,0.0449527851305902
0.002826749114319682,0.04523880104534328
0.0028301230631768703,0.04498752788640559
0.0028188249561935663,0.04508951702155173
0.002831149147823453,0.045172537909820676
0.0028290830086916685,0.04484510188922286
0.002822101814672351,0.04506701813079417
0.0028261509723961353,0.04518732591532171
0.002816254971548915,0.04506586096249521
0.002821804955601692,0.0453102991450578
0.0029423420783132315,0.04726673802360892
0.0028498589526861906,0.04503592988476157
0.0028294508811086416,0.04526582919061184
0.0028277558740228415,0.045119270915165544
0.002812491962686181,0.04492839495651424
0.00281363888643682,0.044973533833399415
0.0028160240035504103,0.04488355899229646
0.002823021961376071,0.04514445713721216
0.0028344818856567144,0.04522082395851612
0.002824160037562251,0.045478856889531016
0.0028133480809628963,0.04515381599776447
0.00281429011374712,0.045159000903367996
0.0028082518838346004,0.04598787799477577
0.0028227991424500942,0.04521718784235418
